<?xml version="1.0"?>
<font>
	<info face="HelvetiPixel" size="40" bold="0" italic="0" charset=""
		unicode="1" stretchH="100" smooth="0" aa="1" padding="0,0,0,0"
		spacing="1,1" outline="0" />
	<common lineHeight="40" base="31" scaleW="256" scaleH="256"
		pages="1" packed="0" alphaChnl="0" redChnl="3" greenChnl="3"
		blueChnl="3" />
	<pages>
		<page id="0" file="PixelFont_0.png" />
	</pages>
	<chars count="96">
		<char id="32" x="20" y="30" width="1" height="1" xoffset="0"
			yoffset="0" xadvance="15" page="0" chnl="15" />
		<char id="33" x="138" y="72" width="3" height="23" xoffset="3"
			yoffset="8" xadvance="9" page="0" chnl="15" />
		<char id="34" x="55" y="121" width="9" height="8" xoffset="0"
			yoffset="8" xadvance="12" page="0" chnl="15" />
		<char id="35" x="147" y="24" width="18" height="23" xoffset="0"
			yoffset="8" xadvance="21" page="0" chnl="15" />
		<char id="36" x="65" y="0" width="15" height="26" xoffset="0"
			yoffset="5" xadvance="18" page="0" chnl="15" />
		<char id="37" x="152" y="0" width="23" height="23" xoffset="3"
			yoffset="8" xadvance="29" page="0" chnl="15" />
		<char id="38" x="220" y="0" width="21" height="23" xoffset="0"
			yoffset="8" xadvance="23" page="0" chnl="15" />
		<char id="39" x="250" y="88" width="3" height="8" xoffset="0"
			yoffset="8" xadvance="6" page="0" chnl="15" />
		<char id="40" x="20" y="0" width="9" height="29" xoffset="0"
			yoffset="8" xadvance="12" page="0" chnl="15" />
		<char id="41" x="30" y="0" width="9" height="29" xoffset="0"
			yoffset="8" xadvance="12" page="0" chnl="15" />
		<char id="42" x="16" y="121" width="15" height="9" xoffset="0"
			yoffset="10" xadvance="18" page="0" chnl="15" />
		<char id="43" x="76" y="102" width="15" height="15" xoffset="0"
			yoffset="13" xadvance="18" page="0" chnl="15" />
		<char id="44" x="48" y="121" width="6" height="9" xoffset="0"
			yoffset="28" xadvance="9" page="0" chnl="15" />
		<char id="45" x="235" y="88" width="9" height="3" xoffset="0"
			yoffset="22" xadvance="12" page="0" chnl="15" />
		<char id="46" x="104" y="115" width="3" height="3" xoffset="3"
			yoffset="28" xadvance="9" page="0" chnl="15" />
		<char id="47" x="91" y="0" width="9" height="26" xoffset="0"
			yoffset="8" xadvance="12" page="0" chnl="15" />
		<char id="48" x="83" y="51" width="15" height="23" xoffset="0"
			yoffset="8" xadvance="18" page="0" chnl="15" />
		<char id="49" x="243" y="48" width="9" height="23" xoffset="3"
			yoffset="8" xadvance="15" page="0" chnl="15" />
		<char id="50" x="19" y="57" width="15" height="23" xoffset="0"
			yoffset="8" xadvance="18" page="0" chnl="15" />
		<char id="51" x="131" y="48" width="15" height="23" xoffset="0"
			yoffset="8" xadvance="18" page="0" chnl="15" />
		<char id="52" x="166" y="24" width="18" height="23" xoffset="0"
			yoffset="8" xadvance="21" page="0" chnl="15" />
		<char id="53" x="163" y="48" width="15" height="23" xoffset="0"
			yoffset="8" xadvance="18" page="0" chnl="15" />
		<char id="54" x="179" y="48" width="15" height="23" xoffset="0"
			yoffset="8" xadvance="18" page="0" chnl="15" />
		<char id="55" x="195" y="48" width="15" height="23" xoffset="0"
			yoffset="8" xadvance="18" page="0" chnl="15" />
		<char id="56" x="147" y="48" width="15" height="23" xoffset="0"
			yoffset="8" xadvance="18" page="0" chnl="15" />
		<char id="57" x="227" y="48" width="15" height="23" xoffset="0"
			yoffset="8" xadvance="18" page="0" chnl="15" />
		<char id="58" x="246" y="88" width="3" height="15" xoffset="3"
			yoffset="16" xadvance="9" page="0" chnl="15" />
		<char id="59" x="224" y="72" width="6" height="21" xoffset="0"
			yoffset="16" xadvance="9" page="0" chnl="15" />
		<char id="60" x="22" y="105" width="18" height="15" xoffset="0"
			yoffset="13" xadvance="21" page="0" chnl="15" />
		<char id="61" x="32" y="121" width="15" height="9" xoffset="0"
			yoffset="16" xadvance="18" page="0" chnl="15" />
		<char id="62" x="41" y="105" width="18" height="15" xoffset="0"
			yoffset="13" xadvance="21" page="0" chnl="15" />
		<char id="63" x="51" y="54" width="15" height="23" xoffset="0"
			yoffset="8" xadvance="18" page="0" chnl="15" />
		<char id="64" x="101" y="0" width="23" height="24" xoffset="3"
			yoffset="10" xadvance="29" page="0" chnl="15" />
		<char id="65" x="44" y="30" width="21" height="23" xoffset="0"
			yoffset="8" xadvance="23" page="0" chnl="15" />
		<char id="66" x="96" y="75" width="15" height="23" xoffset="3"
			yoffset="8" xadvance="21" page="0" chnl="15" />
		<char id="67" x="66" y="27" width="21" height="23" xoffset="0"
			yoffset="8" xadvance="23" page="0" chnl="15" />
		<char id="68" x="204" y="24" width="18" height="23" xoffset="3"
			yoffset="8" xadvance="23" page="0" chnl="15" />
		<char id="69" x="48" y="78" width="15" height="23" xoffset="3"
			yoffset="8" xadvance="21" page="0" chnl="15" />
		<char id="70" x="16" y="81" width="15" height="23" xoffset="3"
			yoffset="8" xadvance="21" page="0" chnl="15" />
		<char id="71" x="0" y="33" width="21" height="23" xoffset="0"
			yoffset="8" xadvance="23" page="0" chnl="15" />
		<char id="72" x="185" y="24" width="18" height="23" xoffset="3"
			yoffset="8" xadvance="23" page="0" chnl="15" />
		<char id="73" x="142" y="72" width="3" height="23" xoffset="3"
			yoffset="8" xadvance="9" page="0" chnl="15" />
		<char id="74" x="242" y="0" width="12" height="23" xoffset="0"
			yoffset="8" xadvance="15" page="0" chnl="15" />
		<char id="75" x="0" y="57" width="18" height="23" xoffset="3"
			yoffset="8" xadvance="23" page="0" chnl="15" />
		<char id="76" x="0" y="81" width="15" height="23" xoffset="3"
			yoffset="8" xadvance="21" page="0" chnl="15" />
		<char id="77" x="88" y="27" width="20" height="23" xoffset="3"
			yoffset="8" xadvance="26" page="0" chnl="15" />
		<char id="78" x="32" y="81" width="15" height="23" xoffset="3"
			yoffset="8" xadvance="21" page="0" chnl="15" />
		<char id="79" x="198" y="0" width="21" height="23" xoffset="0"
			yoffset="8" xadvance="23" page="0" chnl="15" />
		<char id="80" x="80" y="75" width="15" height="23" xoffset="3"
			yoffset="8" xadvance="21" page="0" chnl="15" />
		<char id="81" x="22" y="30" width="21" height="23" xoffset="0"
			yoffset="8" xadvance="23" page="0" chnl="15" />
		<char id="82" x="128" y="24" width="18" height="23" xoffset="3"
			yoffset="8" xadvance="23" page="0" chnl="15" />
		<char id="83" x="115" y="49" width="15" height="23" xoffset="3"
			yoffset="8" xadvance="21" page="0" chnl="15" />
		<char id="84" x="67" y="51" width="15" height="23" xoffset="0"
			yoffset="8" xadvance="18" page="0" chnl="15" />
		<char id="85" x="223" y="24" width="18" height="23" xoffset="3"
			yoffset="8" xadvance="23" page="0" chnl="15" />
		<char id="86" x="176" y="0" width="21" height="23" xoffset="0"
			yoffset="8" xadvance="23" page="0" chnl="15" />
		<char id="87" x="125" y="0" width="26" height="23" xoffset="0"
			yoffset="8" xadvance="29" page="0" chnl="15" />
		<char id="88" x="35" y="54" width="15" height="23" xoffset="3"
			yoffset="8" xadvance="21" page="0" chnl="15" />
		<char id="89" x="64" y="78" width="15" height="23" xoffset="0"
			yoffset="8" xadvance="18" page="0" chnl="15" />
		<char id="90" x="109" y="25" width="18" height="23" xoffset="0"
			yoffset="8" xadvance="21" page="0" chnl="15" />
		<char id="91" x="40" y="0" width="6" height="29" xoffset="3"
			yoffset="8" xadvance="12" page="0" chnl="15" />
		<char id="92" x="81" y="0" width="9" height="26" xoffset="0"
			yoffset="8" xadvance="12" page="0" chnl="15" />
		<char id="93" x="47" y="0" width="6" height="29" xoffset="0"
			yoffset="8" xadvance="9" page="0" chnl="15" />
		<char id="94" x="0" y="121" width="15" height="14" xoffset="0"
			yoffset="8" xadvance="18" page="0" chnl="15" />
		<char id="95" x="85" y="118" width="18" height="3" xoffset="0"
			yoffset="34" xadvance="21" page="0" chnl="15" />
		<char id="96" x="78" y="118" width="6" height="5" xoffset="0"
			yoffset="8" xadvance="9" page="0" chnl="15" />
		<char id="97" x="92" y="99" width="15" height="15" xoffset="0"
			yoffset="16" xadvance="18" page="0" chnl="15" />
		<char id="98" x="99" y="51" width="15" height="23" xoffset="3"
			yoffset="8" xadvance="21" page="0" chnl="15" />
		<char id="99" x="108" y="99" width="15" height="15" xoffset="0"
			yoffset="16" xadvance="18" page="0" chnl="15" />
		<char id="100" x="112" y="75" width="15" height="23" xoffset="0"
			yoffset="8" xadvance="18" page="0" chnl="15" />
		<char id="101" x="172" y="94" width="15" height="15" xoffset="0"
			yoffset="16" xadvance="18" page="0" chnl="15" />
		<char id="102" x="128" y="73" width="9" height="23" xoffset="0"
			yoffset="8" xadvance="12" page="0" chnl="15" />
		<char id="103" x="182" y="72" width="15" height="21" xoffset="0"
			yoffset="16" xadvance="18" page="0" chnl="15" />
		<char id="104" x="211" y="48" width="15" height="23" xoffset="3"
			yoffset="8" xadvance="21" page="0" chnl="15" />
		<char id="105" x="231" y="72" width="3" height="21" xoffset="3"
			yoffset="10" xadvance="9" page="0" chnl="15" />
		<char id="106" x="58" y="0" width="6" height="27" xoffset="0"
			yoffset="10" xadvance="9" page="0" chnl="15" />
		<char id="107" x="242" y="24" width="12" height="23" xoffset="3"
			yoffset="8" xadvance="18" page="0" chnl="15" />
		<char id="108" x="146" y="72" width="3" height="23" xoffset="3"
			yoffset="8" xadvance="9" page="0" chnl="15" />
		<char id="109" x="235" y="72" width="20" height="15" xoffset="3"
			yoffset="16" xadvance="26" page="0" chnl="15" />
		<char id="110" x="60" y="102" width="15" height="15" xoffset="3"
			yoffset="16" xadvance="21" page="0" chnl="15" />
		<char id="111" x="204" y="94" width="15" height="15" xoffset="0"
			yoffset="16" xadvance="18" page="0" chnl="15" />
		<char id="112" x="166" y="72" width="15" height="21" xoffset="3"
			yoffset="16" xadvance="21" page="0" chnl="15" />
		<char id="113" x="150" y="72" width="15" height="21" xoffset="0"
			yoffset="16" xadvance="18" page="0" chnl="15" />
		<char id="114" x="233" y="94" width="12" height="15" xoffset="3"
			yoffset="16" xadvance="18" page="0" chnl="15" />
		<char id="115" x="220" y="94" width="12" height="15" xoffset="0"
			yoffset="16" xadvance="15" page="0" chnl="15" />
		<char id="116" x="214" y="72" width="9" height="21" xoffset="0"
			yoffset="10" xadvance="12" page="0" chnl="15" />
		<char id="117" x="124" y="99" width="15" height="15" xoffset="3"
			yoffset="16" xadvance="21" page="0" chnl="15" />
		<char id="118" x="140" y="96" width="15" height="15" xoffset="0"
			yoffset="16" xadvance="18" page="0" chnl="15" />
		<char id="119" x="0" y="105" width="21" height="15" xoffset="0"
			yoffset="16" xadvance="23" page="0" chnl="15" />
		<char id="120" x="156" y="94" width="15" height="15" xoffset="0"
			yoffset="16" xadvance="18" page="0" chnl="15" />
		<char id="121" x="198" y="72" width="15" height="21" xoffset="0"
			yoffset="16" xadvance="18" page="0" chnl="15" />
		<char id="122" x="188" y="94" width="15" height="15" xoffset="0"
			yoffset="16" xadvance="18" page="0" chnl="15" />
		<char id="123" x="0" y="0" width="9" height="32" xoffset="0"
			yoffset="8" xadvance="12" page="0" chnl="15" />
		<char id="124" x="54" y="0" width="3" height="29" xoffset="3"
			yoffset="8" xadvance="9" page="0" chnl="15" />
		<char id="125" x="10" y="0" width="9" height="32" xoffset="0"
			yoffset="8" xadvance="12" page="0" chnl="15" />
		<char id="126" x="65" y="118" width="12" height="6" xoffset="3"
			yoffset="16" xadvance="18" page="0" chnl="15" />
		<char id="160" x="101" y="25" width="1" height="1" xoffset="0"
			yoffset="0" xadvance="15" page="0" chnl="15" />
	</chars>
</font>
