﻿<?xml version="1.0" encoding="utf-8"?>
<TextureAtlas imagePath="AnimationAtlas.png">
	<!-- Created with Adobe Animate version 19.2.1.408 -->
	<!-- http://www.adobe.com/products/animate.html -->
	<SubTexture name="coin0000" x="1" y="1" width="67"
		height="66" pivotX="33.15" pivotY="33.4" />
	<SubTexture name="coin0001" x="69" y="1" width="67"
		height="66" />
	<SubTexture name="coin0002" x="137" y="1" width="67"
		height="66" />
	<SubTexture name="coin0003" x="205" y="1" width="67"
		height="66" />
	<SubTexture name="coin0004" x="273" y="1" width="67"
		height="66" />
	<SubTexture name="coin0005" x="341" y="1" width="67"
		height="66" />
	<SubTexture name="coin0006" x="409" y="1" width="67"
		height="66" />
	<SubTexture name="coin0007" x="1" y="68" width="67"
		height="66" />
	<SubTexture name="coin0008" x="69" y="68" width="67"
		height="66" />
	<SubTexture name="coin0009" x="137" y="68" width="67"
		height="66" />
	<SubTexture name="coin0010" x="205" y="68" width="67"
		height="66" />
	<SubTexture name="coin0011" x="273" y="68" width="67"
		height="66" />
	<SubTexture name="coin0012" x="341" y="68" width="67"
		height="66" />
	<SubTexture name="coin0013" x="409" y="68" width="67"
		height="66" />
	<SubTexture name="coin0014" x="1" y="135" width="67"
		height="66" />
	<SubTexture name="player_blink0000" x="69" y="135"
		width="72" height="91" pivotX="35.5" pivotY="45" />
	<SubTexture name="player_blink0001" x="142" y="135"
		width="72" height="91" />
	<SubTexture name="player_idle0000" x="215" y="135"
		width="72" height="91" pivotX="35.5" pivotY="45" />
	<SubTexture name="player_idle0001" x="288" y="135"
		width="72" height="91" />
	<SubTexture name="player_left0000" x="361" y="135"
		width="72" height="91" pivotX="35.5" pivotY="45" />
	<SubTexture name="player_right0000" x="434" y="135"
		width="72" height="91" pivotX="35.5" pivotY="45" />
</TextureAtlas>
