{
  "player": [
    {
      "type": "image",
      "key": "player1",
      "url": "assets/sprites/player.png",
      "overwrite": false
    },
    {
      "type": "script",
      "key": "player",
      "url": "assets/canvas/prefabs/Player.js"
    },
    {
      "type": "image",
      "key": "vida",
      "url": "assets/sprites/vida.png",
      "overwrite": false
    },
    {
      "type": "image",
      "key": "HelpWindow",
      "url": "assets/sprites/HelpWindow.png",
      "overwrite": false
    },
    {
      "type": "image",
      "key": "BtnClose",
      "url": "assets/sprites/BtnClose.png",
      "overwrite": false
    },
    {
      "type": "image",
      "key": "BtnQuestion",
      "url": "assets/sprites/BtnQuestion.png",
      "overwrite": false
    },
    {
      "type": "script",
      "key": "Vida",
      "url": "assets/canvas/prefabs/Vida.js"
    }
  ],
  "meta": {
    "generated": "1656350183842",
    "app": "Phaser Editor",
    "url": "http://phasereditor.boniatillo.com",
    "version": "1.0",
    "copyright": "Arian Fornaris (c) 2015,2016"
  }
}